TIPO;ORIGINAL
movie;Inception
movie;Onward
movie;Green Book
show;The Good Doctor
show;Jane the Virgin
show;Breaking Bad
movie;Oldboy
movie;Gladiator
movie;Akira
show;Cowboy Bebop
show;It's Always Sunny in Philadelphia
show;The Sopranos
movie;Joker
movie;It
movie;It Chapter Two
show;Breaking Bad
show;House
show;Death Note
movie;Paper Towns
movie;Project X
show;Merlí
show;Elite
show;Rick and Morty
movie;Vantage Point
movie;Van Helsing
movie;Shrek 2
show;The Mentalist
show;The Witcher
show;Game of Thrones
movie;Forrest Gump
movie;Saving Private Ryan
movie;Hacksaw Ridge
show;Modern Family
show;F Is for Family
show;Attack on Titan
movie;1917
movie;The Wolf of Wall Street
movie;Fight Club
show;Malcolm in the Middle
show;Vikings
show;Dark
movie;Coraline
movie;Lucy
movie;Interstellar
show;Dark
show;Pose
show;The Simpsons
movie;Me Before You
movie;The Best of Me
movie;The Last Song
show;Grey's Anatomy
show;Money Heist
show;Gossip Girl
movie;Up
movie;The Lord of the Rings: The Return of the King
movie;Nacho Libre
show;One Punch Man
show;Somali and the Forest Spirit
show;Hunter x Hunter
movie;Real Steel
movie;Coach Carter
movie;Ted
show;Final Space
show;BoJack Horseman
show;The Witcher
movie;The Godfather
movie;The Lord of the Rings: The Two Towers
movie;Shrek
show;The Office
show;Game of Thrones
show;Peaky Blinders
movie;Small Apartments
movie;Salò, or the 120 Days of Sodom
movie;American Psycho
show;Peppa Pig
show;13 Reasons Why
show;Ghost Stories
movie;Point Break
movie;Surf's Up
movie;Star Wars: Episode IV - A New Hope
show;Game of Thrones
show;Lost
show;Breaking Bad
movie;Interstellar
movie;The Wolf of Wall Street
movie;Avengers: Infinity War
show;Peaky Blinders
show;Breaking Bad
show;Vikings
movie;Dancer in the Dark
movie;Melancholia
movie;Grave of the Fireflies
show;Anohana: The Flower We Saw That Day
show;Steins
show;Love, Death & Robots
movie;Shrek 2
movie;The Help
movie;Up
show;Peaky Blinders
show;Stranger Things
show;Friends
movie;The Best of Me
movie;How to Lose a Guy in 10 Days
movie;Due Date
show;Grey's Anatomy
show;The Vampire Diaries
show;Cable Girls
movie;Inside Man
movie;The Gentlemen
movie;Monty Python's Life of Brian
show;Game of Thrones
show;Sherlock
show;Attack on Titan
movie;Scarface
movie;Superbad
movie;Logan
show;Daredevil
show;House
show;The Punisher
movie;Titanic
movie;Les Misérables
movie;The Devil Wears Prada
show;Gossip Girl
show;Bridgerton
show;Grey's Anatomy
movie;Star Wars: Episode III - Revenge of the Sith
movie;Whiplash
movie;Avengers: Infinity War
show;The Mandalorian
show;Peaky Blinders
show;Chernobyl
movie;22 Jump Street
movie;Interstellar
movie;Black Panther
show;The Office
show;Prison Break
show;Attack on Titan
movie;Reservoir Dogs
movie;Tropic Thunder
movie;Deadpool 2
show;Attack on Titan
show;My Hero Academia
show;The Blacklist
movie;Alice in Wonderland
movie;Maleficent
movie;Fantastic Beasts and Where to Find Them
show;Grey's Anatomy
show;Suits
show;Anne with an E
movie;Spirited Away
movie;Pride & Prejudice
movie;The Call
show;Violet Evergarden
show;Jujutsu Kaisen
show;The Penthouse: War in Life
movie;The Fast and the Furious
movie;2 Fast 2 Furious
movie;Fast & Furious 6
show;Grey's Anatomy
show;Blindspot
show;Peaky Blinders
movie;Interstellar
movie;The Wolf of Wall Street
movie;Shutter Island
show;The Walking Dead
show;Friends
show;Explained
movie;The Godfather
movie;The King's Speech
movie;Joker
show;Lupin
show;Friends
show;Elite
movie;Avengers: Endgame
movie;Have a Good Trip
movie;Crazy, Stupid, Love.
show;Modern Family
show;Money Heist
show;Brooklyn Nine-Nine
movie;Wonder Woman
movie;The Proposal
movie;Just Like Heaven
show;Life Unexpected
show;Chasing Life
show;Bones
movie;Atlantis: The Lost Empire
movie;Pirates of the Caribbean: The Curse of the Black Pearl
movie;Pirates of the Caribbean: At World's End
show;Tengen toppa gurren lagann
show;Assassination Classroom
show;Erased
movie;Miracle in Cell No. 7
movie;To All the Boys: Always and Forever
movie;The Kissing Booth
show;Grey's Anatomy
show;Chicago Fire
show;Criminal Minds
movie;The Green Mile
movie;Miss Peregrine's Home for Peculiar Children
movie;Pay It Forward
show;Stranger Things
show;Breaking Bad
show;Peaky Blinders
movie;Avatar
movie;Avengers: Endgame
movie;The Hunger Games
show;Game of Thrones
show;The 100
show;Dark
movie;What to Expect When You're Expecting
movie;Hacksaw Ridge
movie;How to Lose a Guy in 10 Days
show;The Time in Between
show;Heartland
show;New Amsterdam
movie;Life Is Beautiful
movie;A Clockwork Orange
movie;The Wolf of Wall Street
show;Breaking Bad
show;Vikings
show;Game of Thrones
movie;Coraline
movie;Spirited Away
movie;Killer Klowns from Outer Space
show;Yo soy Betty, la fea
show;Modern Family
show;House
movie;The Avengers
movie;The Boy
movie;Project X
show;Avatar: The Last Airbender
show;Velvet
show;Gran Hotel
movie;Warrior
movie;The Intouchables
movie;Brother Bear
show;Prison Break
show;BoJack Horseman
show;The End of the F***ing World
movie;Finding Nemo
movie;The Parent Trap
movie;The Pursuit of Happyness
show;Atypical
show;Black Mirror
show;The Walking Dead
movie;My Tender Matador
movie;Miracle in Cell No. 7
movie;Léon: The Professional
show;Breaking Bad
show;Pose
show;Narcos
movie;Pirates of the Caribbean: The Curse of the Black Pearl
movie;The Judge
movie;Ocean's Eleven
show;House
show;The Boys
show;The Flash
movie;Avengers: Infinity War
movie;Interstellar
movie;The Hunger Games
show;Rick and Morty
show;Travelers
show;The Big Bang Theory
movie;Harry Potter and the Goblet of Fire
movie;Interstellar
movie;Blood Diamond
show;Vikings
show;Rick and Morty
show;The Last Dance
movie;The Dark Knight
movie;Forrest Gump
movie;Troy
show;Attack on Titan
show;Fullmetal Alchemist: Brotherhood
show;Dragon Ball Z
movie;Inception
movie;Your Name.
show;Inception
show;Breaking Bad
show;Malcolm in the Middle
movie;Shutter Island
movie;Big Fish
movie;Once Upon a Time... In Hollywood
show;Breaking Bad
show;Prison Break
show;Attack on Titan
movie;Forrest Gump
movie;Fight Club
movie;Apocalypse Now
show;Breaking Bad
show;BoJack Horseman
show;Anne with an E
movie;Amélie
movie;Parasite
movie;Hereditary
show;One Piece
show;Please Like Me
show;Orange Is the New Black
movie;The Grand Budapest Hotel
movie;Pacific Rim
movie;Pirates of the Caribbean: Dead Man's Chest
show;Daredevil
show;The Haunting of Hill House
show;Supernatural
movie;Birds of Prey
movie;World War Z
movie;The Princess Diaries
show;Grey's Anatomy
show;Prison Break
show;Gossip Girl
movie;Patch Adams
movie;The Expendables 3
movie;Coach Carter
show;Peaky Blinders
show;WandaVision
show;Breaking Bad
movie;Hachi: A Dog's Tale
movie;Cars
movie;Toy Story
movie;Harry Potter and the Deathly Hallows: Part 2
movie;The Invisible Guest
movie;The Shawshank Redemption
show;Modern Family
show;Lost
show;Dark
movie;The Proposal
movie;White Chicks
movie;The Big Short
show;Friends
show;Grey's Anatomy
show;Anne with an E
movie;Interstellar
movie;Inception
movie;The Dark Knight
show;Peaky Blinders
show;Vikings
show;Game of Thrones
movie;Interstellar
movie;Surf's Up
movie;Shutter Island
show;Naruto: Shippûden
show;How I Met Your Mother
show;The Office
movie;Interstellar
movie;Shutter Island
show;Game of Thrones
show;Vikings: The Viking Sagas
show;Dark
movie;Pirates of the Caribbean: The Curse of the Black Pearl
movie;Shrek
movie;The Impossible
show;Money Heist
show;Friends
show;Elite
movie;Shrek
movie;Shrek 2
movie;High School Musical
show;Who Killed Sara?
show;Elite
show;Sky Rojo
movie;How to Lose a Guy in 10 Days
movie;The Devil Wears Prada
movie;Forever My Girl
show;Grey's Anatomy
show;How I Met Your Mother
show;Gossip Girl
movie;Whiplash
movie;Star Wars: Episode III - Revenge of the Sith
movie;Avengers: Endgame
show;House
show;The Office
show;Formula 1: Drive to Survive
movie;Avengers: Age of Ultron
movie;Now You See Me
movie;Transformers
show;Grey's Anatomy
show;Gossip Girl
show;Chilling Adventures of Sabrina
movie;The Choice
movie;Wonder
show;Violetta
show;Friends
show;Money Heist
movie;Tenacious D in the Pick of Destiny
movie;The Intouchables
movie;Treasure Planet
show;Hajime no ippo
show;Breaking Bad
show;Slam Dunk
movie;The Godfather
movie;Star Wars: Episode V - The Empire Strikes Back
movie;Parasite
show;Dark
show;Breaking Bad
show;Attack on Titan
movie;Gladiator
movie;Shrek
movie;Casino Royale
show;Suits
show;Game of Thrones
show;Malcolm in the Middle
movie;Inception
movie;The Prestige
movie;The Dark Knight
show;Game of Thrones
show;Band of Brothers
show;Narcos
movie;Hacksaw Ridge
movie;The Best Offer
movie;Toy Story
show;Money Heist
show;The Walking Dead
show;Arrow
movie;Your Name.
movie;Train to Busan
movie;Shrek 2
show;Weightlifting Fairy Kim Bok-Joo
show;Itaewon Class
show;Descendants of the Sun
movie;Amélie
movie;The Grand Budapest Hotel
movie;Schindler's List
show;Gilmore Girls
show;Grey's Anatomy
show;The Queen's Gambit
movie;Scarface
movie;The Godfather: Part II
movie;Baby Driver
show;Better Call Saul
show;Avatar: The Last Airbender
show;Attack on Titan
movie;Soul
movie;Avengers: Infinity War
movie;Shazam!
show;Adventure Time
show;Infinity Train
show;WandaVision
movie;A Brilliant Young Mind
movie;Good Will Hunting
movie;Harry Potter and the Goblet of Fire
show;How I Met Your Mother
show;That '70s Show
show;Friends
movie;Fight Club
movie;Vanilla Sky
movie;Seven Psychopaths
show;How I Met Your Mother
show;Naruto: Shippûden
show;Attack on Titan
movie;Inglourious Basterds
movie;Fear and Loathing in Las Vegas
movie;Star Wars: Episode IV - A New Hope
show;The Big Bang Theory
show;Modern Family
show;Peaky Blinders
movie;Coraline
movie;The Polar Express
movie;Saw: The Final Chapter
show;Stranger Things
show;Grey's Anatomy
show;13 Reasons Why
movie;Howl's Moving Castle
movie;Mulan
movie;Avengers: Endgame
show;Jujutsu Kaisen
show;Fullmetal Alchemist: Brotherhood
show;House
movie;Pulp Fiction
movie;Once Upon a Time... In Hollywood
movie;Inglourious Basterds
show;Prison Break
show;Suits
show;Peaky Blinders
movie;Monty Python and the Holy Grail
movie;The Nice Guys
movie;Looper
show;Arrested Development
show;Mindhunter
show;The Grand Tour
movie;Your Name.
movie;The Butterfly Effect
movie;Shrek 2
show;Shigatsu wa kimi no uso
show;Sons of Anarchy
show;Sex Education
movie;Charlie St. Cloud
movie;The Invisible Guest
movie;Me Before You
show;Station 19
show;Grey's Anatomy
show;Prison Break
movie;Back to the Future
movie;Saw
movie;Bruce Almighty
show;The Queen's Gambit
show;Malcolm in the Middle
show;House
movie;Amores Perros
movie;Birdman or (The Unexpected Virtue of Ignorance)
movie;Biutiful
show;Breaking Bad
show;Prison Break
show;Black Mirror
movie;The Dark Knight
movie;The Intouchables
movie;The Platform
show;Lupin
show;Suits
show;Peaky Blinders
movie;The Fifth Element
movie;Solaris
movie;The Matrix
show;Sherlock
show;BoJack Horseman
show;Avatar: The Last Airbender
movie;The Handmaiden
movie;Howl's Moving Castle
movie;Shrek 2
show;Cells at Work!
show;Please Like Me
show;The Disastrous Life of Saiki K.
movie;Kingsman: The Secret Service
movie;Howl's Moving Castle
movie;Baby Driver
show;Avatar: The Last Airbender
show;Guardian: The Lonely and Great God
show;Tribes of Europa
movie;Doctor Strange
movie;Arrival
movie;Shrek 2
show;Sherlock
show;The Good Doctor
show;Atypical
movie;Closer
movie;500 Days of Summer
movie;Schindler's List
show;Friends
show;Breaking Bad
show;Vis a vis
movie;Wolves of Wall Street
movie;Extinction
movie;The Avengers
show;Lupin
show;Stranger Things
show;Money Heist
movie;Inception
movie;Avatar
movie;Transformers
show;Dark
show;Grey's Anatomy
show;The Simpsons
movie;Back to the Future Part III
movie;Wolf Children
movie;Blade Runner 2049
show;Avatar: The Last Airbender
show;BNA
show;Persona 4: The Animation
movie;Dead Poets Society
movie;Inception
movie;21
show;The Good Doctor
show;House
show;Cells at Work!
movie;The Lord of the Rings: The Return of the King
movie;Forrest Gump
movie;The Dark Knight
show;The Walking Dead
show;The Vampire Diaries
show;Gossip Girl
movie;Love, Rosie
movie;To the Bone
movie;The Plague Dogs
show;How I Met Your Mother
show;One Piece
show;Agent Carter
movie;Star Wars: Episode V - The Empire Strikes Back
movie;Django Unchained
movie;Whiplash
show;The Office
show;Breaking Bad
show;Game of Thrones